<?xml version="1.0" encoding="UTF-8" standalone="yes" ?>
<appProperties xmlns="http://schemas.mathworks.com/matlab/app/2012/appProperties" signature="7269E3C8453ECCA52E8BC5EC2AD5C330CD5E335B">

  <entryPoint>DSP</entryPoint>

  <name>DWT Based Encryption Technique For Medical Images App</name>

  <version>3.0</version>

  <createdByMATLABRelease>(R2020b)</createdByMATLABRelease>

  <GUID>3b2e706e-2983-4912-b2c5-a0140c66df56</GUID>

  <summary>DWT Based Encryption Technique For Medical Images</summary>

  <description>DWT Based Encryption Technique For Medical Images</description>

  <author>
    <name>Shay Karadi &amp; Tamir Karamani</name>
    <contact></contact>
    <organization></organization>
  </author>

  <supportedPlatforms/>

  <requiredProducts>
    <product identifier="1" name="MATLAB" version="9.9"/>
    <product identifier="17" name="Image Processing Toolbox" version="11.2"/>
    <product identifier="35" name="Wavelet Toolbox" version="5.5"/>
  </requiredProducts>

  <numFiles>9</numFiles>

  <created>2021-02-20T10:51:27Z</created>

  <appEntries>
    <appFile>/MRI 1.png</appFile>
    <appFile>/InverseKey.m</appFile>
    <appFile>/slice.m</appFile>
    <appFile>/DSP.mlapp</appFile>
    <appFile>/PixelPermute.m</appFile>
    <appFile>/BlockPermute.m</appFile>
    <appFile>/MRI 4.png</appFile>
    <appFile>/MRI 3.png</appFile>
    <appFile>/MRI 2.png</appFile>
  </appEntries>

</appProperties>
