<?xml version="1.0" encoding="UTF-8" standalone="yes" ?><cp:coreProperties xmlns:cp="http://schemas.openxmlformats.org/package/2006/metadata/core-properties" xmlns:dc="http://purl.org/dc/elements/1.1/" xmlns:dcmitype="http://purl.org/dc/dcmitype/" xmlns:dcterms="http://purl.org/dc/terms/" xmlns:xsi="http://www.w3.org/2001/XMLSchema-instance"><dcterms:created xsi:type="dcterms:W3CDTF">2021-02-20T10:51:27Z</dcterms:created><dc:creator>Shay Karadi &amp; Tamir Karamani</dc:creator><dc:description>DWT Based Encryption Technique For Medical Images</dc:description><dc:title>DWT Based Encryption Technique For Medical Images App</dc:title><cp:version>3.0</cp:version></cp:coreProperties>