<?xml version="1.0" encoding="UTF-8" standalone="yes" ?><fileEntries xmlns="http://schemas.mathworks.com/package/2013/filesystemManifest" createdByEncoding="windows-1255" createdByPlatform="win64" version="2.0"><fileEntry content="/fsroot/BlockPermute.m" date="2021-02-19T15:56:37Z" name="/BlockPermute.m" permissions="010666" type="File"/><fileEntry content="/fsroot/DSP.mlapp" date="2021-02-20T09:52:58Z" name="/DSP.mlapp" permissions="010666" type="File"/><fileEntry content="/fsroot/InverseKey.m" date="2021-02-20T08:15:34Z" name="/InverseKey.m" permissions="010666" type="File"/><fileEntry content="/fsroot/MRI%201.png" date="2021-02-10T21:12:31Z" name="/MRI 1.png" permissions="010666" type="File"/><fileEntry content="/fsroot/MRI%202.png" date="2021-02-10T21:11:25Z" name="/MRI 2.png" permissions="010666" type="File"/><fileEntry content="/fsroot/MRI%203.png" date="2021-02-10T21:12:46Z" name="/MRI 3.png" permissions="010666" type="File"/><fileEntry content="/fsroot/MRI%204.png" date="2021-02-20T09:42:14Z" name="/MRI 4.png" permissions="010666" type="File"/><fileEntry content="/fsroot/PixelPermute.m" date="2021-02-19T15:56:44Z" name="/PixelPermute.m" permissions="010666" type="File"/><fileEntry content="/fsroot/slice.m" date="2021-02-19T16:03:21Z" name="/slice.m" permissions="010666" type="File"/></fileEntries>